query_id,doc_id,title_query,overview_query,title_phrase_query,overview_phrase_query,director_query,genre_query,cast_query,release_date_boost,vote_average_boost,revenue_boost
1,1370,8.474929,10.040056,8.474929,10.040056,0.0,0.0,0.0,1.226086e-10,22.740622,122202.83
1,1369,5.633094,8.522146,5.633094,8.522146,0.0,0.0,0.0,1.0109809e-11,15.732375,102398.5
1,522938,7.254919,9.001041,7.254919,9.001041,0.0,0.0,0.0,0.28578523,19.78878,72780.76
1,7555,10.18821,8.8185215,10.18821,8.8185215,0.0,0.0,0.0,0.00012399748,28.45412,0.0
1,1368,0.0,9.389727,0.0,9.389727,0.0,0.0,0.0,0.0,0.0,0.0
1,13258,0.0,7.9751577,0.0,7.9751577,0.0,0.0,0.0,0.0,0.0,0.0
1,61410,0.0,3.608121,0.0,3.608121,0.0,0.0,0.0,0.0,0.0,0.0
1,6280,0.0,0.0,0.0,0.0,0.0,0.0,4.6862364,0.0,0.0,0.0
1,64328,0.0,0.0,0.0,0.0,0.0,0.0,2.3765392,0.0,0.0,0.0
2,1374,7.7606244,6.502172,7.7606244,6.502172,0.0,0.0,4.0520477,1.975353e-11,22.331188,141090.0
2,1371,7.7606244,5.670297,7.7606244,5.670297,0.0,0.0,0.0,1.7609664e-12,22.168777,133744.19
2,1367,7.7606244,7.189769,7.7606244,7.189769,0.0,0.0,0.0,2.2734303e-13,22.652517,115161.07
2,1366,9.329502,7.7390227,9.329502,7.7390227,0.0,0.0,0.0,4.6204797e-14,28.359232,105945.8
2,1246,7.7606244,8.810481,7.7606244,8.810481,0.0,0.0,0.0,4.4189164e-05,22.005169,101570.31
2,1375,7.7606244,6.3850794,7.7606244,6.3850794,0.0,0.0,0.0,6.273295e-10,20.117838,89142.86
2,36685,5.158312,5.1738486,5.158312,5.1738486,0.0,0.0,0.0,1.0564093e-14,15.577761,57482.566
2,17711,5.158312,7.655475,5.158312,7.655475,0.0,0.0,0.0,3.2979344e-07,11.301295,32068.068
2,39495,0.0,8.262952,0.0,8.262952,0.0,0.0,0.0,0.0,0.0,0.0
2,28000,0.0,8.239899,0.0,8.239899,0.0,0.0,0.0,0.0,0.0,0.0
3,299536,5.3539586,0.0,0.0,0.0,0.0,0.0,0.0,0.07976557,16.896809,254009.3
3,70160,6.440277,6.5878954,0.0,0.0,0.0,0.0,0.0,0.0013764226,18.79855,177584.94
3,271110,4.6802177,0.0,0.0,0.0,0.0,0.0,0.0,0.017498307,13.946735,166698.95
3,101299,5.0005636,6.535899,0.0,0.0,0.0,0.0,0.0,0.0034231949,14.901344,152674.16
3,72190,5.3539586,0.0,0.0,0.0,0.0,0.0,0.0,0.0027671086,15.181093,129500.69
3,131631,4.4978237,0.0,0.0,0.0,0.0,0.0,0.0,0.0062050326,12.848355,129370.914
3,131634,4.4978237,6.6333222,0.0,0.0,0.0,0.0,0.0,0.01238652,12.942483,120586.234
3,74,4.6802177,0.0,0.0,0.0,0.0,0.0,0.0,9.557091e-06,12.970201,119406.41
3,9869,7.5232944,0.0,0.0,0.0,0.0,0.0,0.0,1.7815984e-09,21.172428,105287.625
3,57212,6.2542973,3.1164856,0.0,0.0,0.0,3.2578683,0.0,0.0011526463,18.383804,87413.37
4,9671,17.51438,17.053677,17.51438,0.0,0.0,0.0,0.0,8.016548e-11,48.15658,332784.22
4,9290,11.641413,13.141919,11.641413,13.141918,0.0,0.0,0.0,1.2811963e-06,28.799265,76676.66
4,29715,8.75719,7.8925657,0.0,0.0,0.0,0.0,0.0,1.36567875e-17,24.644917,1120.1093
4,39862,6.5531836,7.7376785,0.0,0.0,0.0,0.0,0.0,1.190676e-06,14.3573065,0.0
4,62962,0.0,8.485189,0.0,0.0,0.0,0.0,0.0,0.0,0.0,0.0
4,10539,0.0,8.235774,0.0,0.0,0.0,0.0,0.0,0.0,0.0,0.0
4,16305,0.0,0.0,0.0,0.0,0.0,0.0,8.031494,0.0,0.0,0.0
4,30062,0.0,7.180453,0.0,0.0,0.0,0.0,0.0,0.0,0.0,0.0
4,177699,0.0,7.0364113,0.0,0.0,0.0,0.0,0.0,0.0,0.0,0.0
4,44037,0.0,6.6153326,0.0,0.0,0.0,0.0,0.0,0.0,0.0,0.0
5,604,7.4965477,7.889509,7.4965477,7.889509,0.0,0.0,0.0,3.5135627e-06,21.571308,213679.19
5,603,8.75719,8.447206,8.75719,8.447206,0.0,0.0,0.0,2.3462182e-07,27.302217,197739.81
5,605,7.4965477,0.0,7.4965477,0.0,0.0,0.0,0.0,4.8708293e-06,21.097155,162086.22
5,10999,0.0,10.029346,0.0,10.029346,0.0,0.0,0.0,0.0,0.0,0.0
5,55931,0.0,9.184141,0.0,9.184141,0.0,0.0,0.0,0.0,0.0,0.0
5,1857,0.0,8.367561,0.0,8.367561,0.0,0.0,0.0,0.0,0.0,0.0
5,4247,0.0,7.0963087,0.0,7.0963087,0.0,0.0,0.0,0.0,0.0,0.0
6,686,10.527532,5.801542,10.527532,5.801542,0.0,0.0,0.0,8.574689e-08,31.15865,144435.42
6,199,6.5531836,0.0,6.5531836,0.0,0.0,0.0,0.0,3.442146e-08,19.262346,84177.164
6,20236,8.75719,0.0,8.75719,0.0,0.0,0.0,0.0,0.0002495532,20.574738,0.0
6,14278,0.0,7.173055,0.0,7.173055,0.0,0.0,0.0,0.0,0.0,0.0
6,2067,0.0,7.0967956,0.0,7.0967956,0.0,0.0,0.0,0.0,0.0,0.0
6,68730,0.0,7.0967956,0.0,7.0967956,0.0,0.0,0.0,0.0,0.0,0.0
6,27807,0.0,6.477052,0.0,6.477052,0.0,0.0,0.0,0.0,0.0,0.0
6,323967,0.0,6.477052,0.0,6.477052,0.0,0.0,0.0,0.0,0.0,0.0
6,10128,0.0,6.3537507,0.0,6.3537507,0.0,0.0,0.0,0.0,0.0,0.0
6,27429,0.0,6.2350564,0.0,6.2350564,0.0,0.0,0.0,0.0,0.0,0.0
7,2300,16.427189,0.0,16.427189,0.0,0.0,0.0,0.0,8.5146546e-08,46.925438,272523.06
7,5551,6.7183647,4.0800376,0.0,0.0,0.0,0.0,0.0,4.555803e-07,18.618479,79994.414
7,2157,5.7512217,6.19524,0.0,0.0,0.0,0.0,0.0,7.763056e-08,14.366548,70385.03
7,11802,6.7183647,7.084541,0.0,0.0,0.0,0.0,0.0,0.00011400083,16.291168,56705.15
7,62,5.0274887,0.0,0.0,0.0,0.0,0.0,0.0,6.308108e-17,15.674159,43704.465
7,6795,5.0274887,5.3949056,0.0,0.0,0.0,0.0,0.0,1.3165934e-05,13.823309,42288.816
7,16296,4.4655457,0.0,0.0,0.0,0.0,0.0,0.0,6.497311e-11,11.882045,30934.213
7,10208,5.7512217,4.0800376,0.0,0.0,0.0,0.0,0.0,1.8844567e-07,15.560217,24346.135
7,1542,6.7183647,0.0,0.0,0.0,0.0,0.0,0.0,1.6714846e-07,20.020277,23186.234
7,365942,5.0274887,0.0,0.0,0.0,0.0,0.0,0.0,0.03162713,14.674757,20280.621
8,148980,19.417648,0.0,19.417648,0.0,0.0,0.0,0.0,3.3935357e-13,55.4679,0.0
9,9374,6.272643,0.0,6.272643,0.0,0.0,0.0,0.0,1.6521055e-09,17.786013,80310.63
9,152601,8.808783,0.0,8.808783,0.0,0.0,0.0,0.0,0.006420147,27.121897,63573.77
9,668,4.8704042,1.6828921,4.8704042,1.6828921,0.0,0.0,0.0,1.9536812e-16,13.7065325,46248.83
9,5143,5.4832954,2.7251127,5.4832954,2.7251127,0.0,0.0,0.0,1.618525e-11,16.559189,36410.258
9,33644,4.3807497,1.9291064,4.3807497,1.9291064,0.0,0.0,0.0,7.612222e-08,11.457148,28200.457
9,257206,5.4832954,0.9101131,5.4832954,0.9101131,0.0,0.0,0.0,1.7932332e-05,15.0765705,4980.4507
9,18206,6.272643,2.3254411,6.272643,2.3254411,0.0,0.0,0.0,2.2815559e-05,16.54837,658.47217
9,66113,6.272643,0.0,6.272643,0.0,0.0,0.0,0.0,0.00016757446,17.10949,0.0
9,13160,5.4832954,1.3116505,5.4832954,1.3116505,0.0,0.0,0.0,6.7757064e-05,13.958192,0.0
9,13079,4.8704042,2.1228123,4.8704042,2.1228123,0.0,0.0,0.0,4.5610614e-05,13.068666,0.0
10,115782,10.981834,7.638336,10.981834,7.638336,0.0,0.0,0.0,0.0063246465,29.7119,69041.2
10,321697,9.135097,6.354703,9.135097,6.354703,0.0,0.0,0.0,0.02331688,26.095057,56228.03
10,4613,0.0,7.638336,0.0,7.638336,0.0,0.0,0.0,0.0,0.0,0.0
10,160466,0.0,7.2527976,0.0,7.2527976,0.0,0.0,0.0,0.0,0.0,0.0
10,346648,0.0,7.1803136,0.0,7.1803136,0.0,0.0,0.0,0.0,0.0,0.0
10,10708,0.0,7.109264,0.0,7.109264,0.0,0.0,0.0,0.0,0.0,0.0
10,18173,0.0,6.9043083,0.0,6.9043083,0.0,0.0,0.0,0.0,0.0,0.0
10,1779,0.0,6.587774,0.0,6.587774,0.0,0.0,0.0,0.0,0.0,0.0
10,39939,0.0,6.137561,0.0,6.137561,0.0,0.0,0.0,0.0,0.0,0.0
10,384682,0.0,5.8383155,0.0,5.8383155,0.0,0.0,0.0,0.0,0.0,0.0
11,37799,16.13124,8.4819,16.131239,8.4819,0.0,0.0,0.0,0.001264889,47.744114,253733.88
11,10774,10.981834,6.137561,0.0,0.0,0.0,0.0,0.0,5.2361093e-14,33.81264,56059.94
11,18467,0.0,10.322069,0.0,0.0,0.0,0.0,0.0,0.0,0.0,0.0
11,39002,0.0,9.732613,0.0,0.0,0.0,0.0,0.0,0.0,0.0,0.0
11,38408,0.0,9.719586,0.0,0.0,0.0,0.0,0.0,0.0,0.0,0.0
11,11374,0.0,7.8899817,0.0,0.0,0.0,0.0,0.0,0.0,0.0,0.0
11,59387,0.0,7.7562604,0.0,0.0,0.0,0.0,0.0,0.0,0.0,0.0
11,12626,0.0,7.5923333,0.0,0.0,0.0,0.0,0.0,0.0,0.0,0.0
11,301355,0.0,7.3267603,0.0,0.0,0.0,0.0,0.0,0.0,0.0,0.0
11,287940,0.0,7.2527976,0.0,0.0,0.0,0.0,0.0,0.0,0.0,0.0
12,1374,7.7606244,6.502172,0.0,0.0,0.0,0.0,4.0520477,1.975353e-11,22.331188,141090.0
12,1371,7.7606244,5.670297,0.0,0.0,0.0,0.0,0.0,1.7609664e-12,22.168777,133744.19
12,1367,7.7606244,7.189769,0.0,0.0,0.0,0.0,0.0,2.2734303e-13,22.652517,115161.07
12,36685,10.316624,5.1738486,10.316624,0.0,0.0,1.2473197,0.0,2.1128187e-14,31.155521,114965.13
12,1366,9.329502,7.7390227,0.0,0.0,0.0,0.0,0.0,4.6204797e-14,28.359232,105945.8
12,1246,7.7606244,8.810481,0.0,0.0,0.0,0.0,0.0,4.4189164e-05,22.005169,101570.31
12,1375,7.7606244,6.3850794,0.0,0.0,0.0,0.0,0.0,6.273295e-10,20.117838,89142.86
12,10065,6.643442,4.7388825,0.0,0.0,0.0,2.2805996,0.0,1.1765147e-05,17.974165,72426.27
12,17711,5.158312,7.655475,0.0,0.0,0.0,0.0,0.0,3.2979344e-07,11.301295,32068.068
12,15423,6.643442,4.9095597,0.0,0.0,0.0,1.4066484,0.0,2.7080587e-05,15.944262,1121.3453
13,278,15.807736,7.797777,15.807737,0.0,0.0,0.0,0.0,1.8487473e-08,51.07636,88262.7
13,38234,7.4965477,0.0,0.0,0.0,0.0,0.0,0.0,0.00045748864,22.33921,0.0
13,78049,4.7572355,4.1431932,0.0,0.0,0.0,0.0,0.0,0.00091588555,10.806362,0.0
13,450766,0.0,7.954188,0.0,0.0,0.0,0.0,0.0,0.0,0.0,0.0
13,263341,0.0,7.864875,0.0,0.0,0.0,0.0,0.0,0.0,0.0,0.0
13,11321,0.0,7.368464,0.0,0.0,0.0,0.0,0.0,0.0,0.0,0.0
13,82695,0.0,6.9309955,0.0,0.0,0.0,0.0,0.0,0.0,0.0,0.0
13,32005,0.0,6.482017,0.0,0.0,0.0,0.0,0.0,0.0,0.0,0.0
13,446021,0.0,6.306923,0.0,0.0,0.0,0.0,0.0,0.0,0.0,0.0
13,32985,0.0,6.2506413,0.0,0.0,0.0,0.0,0.0,0.0,0.0,0.0
14,1051,15.3166,6.001357,15.316601,0.0,0.0,0.0,0.0,2.1763449e-15,46.25512,103059.93
14,58227,8.75719,7.8013606,0.0,0.0,0.0,0.0,0.0,8.950495e-19,23.498007,0.0
14,209355,7.820052,0.0,0.0,0.0,0.0,0.0,0.0,0.0052625914,20.983402,0.0
14,397003,7.4965477,0.0,0.0,0.0,0.0,0.0,0.0,0.028892633,16.628147,0.0
14,10156,0.0,6.253885,0.0,0.0,0.0,0.0,3.528729,0.0,0.0,0.0
14,10910,0.0,7.2446213,0.0,0.0,0.0,0.0,0.0,0.0,0.0,0.0
14,382207,0.0,0.0,0.0,0.0,0.0,0.0,7.207355,0.0,0.0,0.0
14,405965,0.0,7.16481,0.0,0.0,0.0,0.0,0.0,0.0,0.0,0.0
14,251994,0.0,6.8633265,0.0,0.0,0.0,0.0,0.0,0.0,0.0,0.0
14,145838,0.0,6.528598,0.0,0.0,0.0,0.0,0.0,0.0,0.0,0.0
15,140607,8.771078,2.5731971,0.0,0.0,0.0,0.0,0.0,0.025425402,26.137224,418358.0
15,11,13.1959915,0.0,0.0,0.0,0.0,0.0,0.0,9.2864023e-14,41.394207,385390.25
15,181808,8.771078,0.0,0.0,0.0,0.0,0.0,0.0,0.101508655,25.421,335806.75
15,181812,7.8892612,0.0,0.0,0.0,0.0,0.0,0.0,0.36869743,22.033508,271115.8
15,330459,7.8892612,12.9146,0.0,0.0,0.0,0.0,0.0,0.04573842,23.667784,268891.1
15,1893,7.168559,0.0,0.0,0.0,0.0,0.0,0.0,2.1118959e-07,20.020697,228580.31
15,1895,6.568508,0.0,0.0,0.0,0.0,0.0,0.0,1.2384753e-05,19.44101,200850.33
15,348350,8.771078,0.0,0.0,0.0,0.0,0.0,0.0,0.13573387,24.684002,182355.67
15,1894,6.568508,0.0,0.0,0.0,0.0,0.0,0.0,1.5392995e-06,18.344845,175557.22
15,13475,6.0352173,0.0,0.0,0.0,0.0,0.0,0.0,0.00017864304,17.984543,124309.14
16,324849,11.186696,16.558268,11.186697,11.486698,0.0,0.0,0.0,0.072132684,32.88204,207224.42
16,268,8.279449,0.0,0.0,0.0,0.0,0.0,0.0,2.5360541e-10,24.336512,176117.69
16,137106,6.901367,11.476269,0.0,0.0,0.0,0.0,0.0,0.005530969,20.56561,156780.6
16,272,6.887152,6.5890837,0.0,0.0,0.0,0.0,0.0,1.3591082e-05,20.935131,139732.92
16,414,6.887152,5.2263947,0.0,0.0,0.0,0.0,0.0,1.3348372e-08,17.368738,132509.61
16,209112,4.117504,5.697735,0.0,0.0,0.0,0.0,0.0,0.014404498,10.862722,127642.52
16,364,6.887152,8.6989155,0.0,0.0,0.0,0.0,0.0,1.6780795e-09,19.673643,120869.03
16,415,6.887152,6.4765086,0.0,0.0,0.0,0.0,0.0,5.390288e-08,15.644603,111484.22
16,274862,6.0329,0.0,0.0,0.0,0.0,0.0,0.0,0.059637967,16.848972,70197.06
16,280217,4.3795395,8.72687,0.0,0.0,0.0,0.0,0.0,0.11020394,12.418138,63399.91
17,166428,7.2516975,7.81153,0.0,0.0,0.0,0.0,0.0,0.17467844,22.043253,173022.45
17,381284,7.9012,0.0,0.0,0.0,0.0,0.0,0.0,0.045460995,24.480972,125867.05
17,10191,4.4316063,7.1648164,0.0,0.0,0.0,0.0,0.0,0.00023543672,13.558108,103396.76
17,82702,3.9860668,7.1754622,0.0,0.0,0.0,0.0,0.0,0.004035094,12.116594,103179.51
17,9533,6.6673036,0.0,0.0,0.0,0.0,0.0,0.0,2.0267303e-06,19.18516,101140.15
17,294272,6.6673036,7.657316,0.0,0.0,0.0,0.0,0.0,0.030428313,18.332054,83823.91
17,1735,3.6219301,5.4488974,0.0,0.0,0.0,0.0,0.0,5.961955e-05,9.219929,76081.36
17,65754,3.9860668,0.0,0.0,0.0,0.0,0.0,0.0,0.00071943237,11.797681,63762.016
17,2140,4.989279,0.0,0.0,0.0,0.0,0.0,0.0,6.452836e-07,14.147047,42005.35
17,10423,4.4316063,0.0,0.0,0.0,0.0,0.0,0.0,1.990216e-09,12.751943,37041.74
18,550,15.490581,3.699648,15.49058,0.0,0.0,0.0,0.0,6.056121e-07,49.18107,163158.64
18,502682,7.2410326,6.8344216,0.0,0.0,0.0,0.0,0.0,0.11269639,19.750904,67381.43
18,2925,5.4186115,0.0,0.0,0.0,0.0,0.0,0.0,2.5252616e-08,15.249325,61314.17
18,345922,8.249548,5.028952,0.0,0.0,0.0,0.0,0.0,0.05400803,22.13586,55459.863
18,152532,6.1986485,0.0,0.0,0.0,0.0,0.0,0.0,0.0042595053,19.085396,48301.004
18,2108,6.1986485,0.0,0.0,0.0,0.0,0.0,0.0,9.288438e-12,18.964218,46666.27
18,2148,6.1986485,6.689102,0.0,0.0,0.0,0.0,0.0,8.241079e-12,17.444544,33104.26
18,19931,5.4186115,0.0,0.0,0.0,0.0,0.0,0.0,3.0796032e-09,16.037626,32578.092
18,26555,7.2410326,8.476765,0.0,0.0,0.0,0.0,0.0,2.8634406e-11,17.913326,26644.021
18,11217,7.2410326,0.0,0.0,0.0,0.0,0.0,0.0,5.8642427e-06,17.913326,16984.537
19,1573,11.642111,0.0,11.64211,0.0,0.0,0.0,0.0,7.2550677e-10,33.256523,189174.17
19,1571,9.0395355,0.0,9.0395355,0.0,0.0,0.0,0.0,7.2722345e-05,25.24605,185670.53
19,1572,9.0395355,0.0,9.0395355,0.0,0.0,0.0,0.0,1.6612768e-08,26.385536,181402.52
19,562,13.599884,0.0,13.599883,0.0,0.0,0.0,0.0,2.1717336e-10,41.34007,169232.38
19,47964,8.13073,0.0,8.13073,0.0,0.0,0.0,0.0,0.0032581089,20.504921,148843.36
19,36669,5.7970138,0.0,0.0,0.0,0.0,0.0,0.0,1.934026e-06,15.42485,126365.36
19,257091,6.8280263,0.0,0.0,0.0,0.0,0.0,0.0,0.011988884,18.321518,75724.195
19,253,5.067518,0.0,0.0,0.0,0.0,0.0,0.0,2.4047526e-15,14.152808,67600.695
19,2019,6.8280263,0.0,0.0,0.0,0.0,0.0,0.0,3.743104e-09,18.624372,61682.684
19,2085,5.7970138,0.0,0.0,0.0,0.0,0.0,0.0,3.0536222e-07,15.55502,58010.83
20,615,7.4124384,5.8830657,0.0,0.0,0.0,0.0,0.0,5.980301e-06,21.938814,192308.05
20,181808,3.6931963,0.54128563,0.0,0.0,0.0,0.0,0.0,0.042741768,10.7039,141396.56
20,335988,4.1579475,0.5250074,0.0,0.0,0.0,0.0,0.0,0.034188177,11.156944,107301.445
20,616,4.756505,0.52486026,0.0,0.0,0.0,0.0,0.0,1.7549193e-06,14.269515,106617.34
20,10196,4.756505,0.5281843,0.0,0.0,0.0,0.0,0.0,0.00031258765,11.296074,89030.95
20,36668,3.6931963,0.40765837,0.0,0.0,0.0,0.0,0.0,1.4113221e-05,10.234886,83018.55
20,99861,2.0032566,0.30940002,0.0,0.0,0.0,0.0,0.0,0.0037024408,5.929098,78765.03
20,89,3.3218942,0.37931448,0.0,0.0,0.0,0.0,0.0,9.611711e-11,10.163042,75866.49
20,91314,2.0032566,0.5964557,0.0,0.0,0.0,0.0,0.0,0.002090458,5.284954,69811.68
20,137093,5.556374,4.492506,0.0,0.0,0.0,0.0,0.0,0.0036968603,15.398276,67560.27
21,87827,7.1845045,0.5281843,0.0,0.0,0.0,0.0,0.0,0.0024825796,21.264193,185954.94
21,328111,5.5784206,3.0412483,0.0,0.0,0.0,0.0,0.0,0.023021186,15.215903,173111.23
21,8967,12.62237,3.1432266,12.62237,0.0,0.0,0.0,0.0,0.0015289418,35.790596,97887.8
21,9487,4.892869,0.5966077,0.0,0.0,0.0,0.0,0.0,1.033891e-07,14.079226,97806.57
21,99861,2.0032566,0.30940002,0.0,0.0,0.0,0.0,0.0,0.0037024408,5.929098,78765.03
21,395992,6.8711414,2.8273633,0.0,0.0,0.0,0.0,0.0,0.047984198,19.041866,72260.1
21,116745,5.0175843,3.2454977,0.0,0.0,0.0,0.0,0.0,0.00365699,14.645846,72181.164
21,91314,2.0032566,0.5964557,0.0,0.0,0.0,0.0,0.0,0.002090458,5.284954,69811.68
21,122,1.8747692,0.5037964,0.0,0.0,0.0,0.0,0.0,1.284642e-06,5.9522076,65771.484
21,337339,1.7793443,0.54808307,0.0,0.0,0.0,0.0,0.0,0.012931499,5.1200614,65682.664
22,17979,5.0304546,4.0893974,0.0,0.0,0.0,0.0,0.0,0.00021037932,14.369853,95156.12
22,8871,3.9059052,5.569833,0.0,0.0,0.0,0.0,0.0,3.2577645e-07,10.992192,76105.59
22,26386,12.850507,6.0508695,0.0,0.0,0.0,0.0,0.0,2.5723831e-10,31.790398,71574.34
22,549053,5.876392,0.0,0.0,0.0,0.0,0.0,0.0,0.25405645,17.272995,67949.445
22,384682,5.0304546,4.5546284,0.0,0.0,0.0,0.0,0.0,0.028130796,13.040429,56455.83
22,431530,4.3974233,4.5546284,0.0,0.0,0.0,0.0,0.0,0.03968327,12.090916,52698.76
22,340402,5.876392,6.5127964,0.0,0.0,0.0,0.0,0.0,0.031999204,15.233349,40173.234
22,9479,4.3974233,6.116905,0.0,0.0,0.0,0.0,0.0,2.6507694e-09,13.453528,40110.152
22,5825,4.3974233,6.1843977,0.0,0.0,0.0,0.0,3.113243,1.828683e-10,13.015184,38949.23
22,175555,5.0304546,5.4917884,0.0,0.0,0.0,0.0,3.983453,0.0036317222,14.263801,38553.105
23,44214,14.031303,8.370518,14.031303,0.0,0.0,0.0,0.0,0.0012400559,42.373608,266441.16
23,284054,5.556374,3.1239548,0.0,0.0,0.0,0.0,0.0,0.07233949,16.557623,213860.0
23,607,4.756505,3.5668778,0.0,0.0,0.0,0.0,0.0,3.808528e-08,13.883781,121111.64
23,41154,4.1579475,2.9761286,0.0,0.0,0.0,0.0,0.0,0.0010188435,11.522842,108937.39
23,608,4.1579475,0.0,0.0,0.0,0.0,0.0,0.0,1.0694184e-06,11.432466,91663.71
23,479455,4.1579475,6.0891037,0.0,0.0,0.0,0.0,2.8452134,0.13571785,11.156944,69310.55
23,855,4.756505,4.4502325,0.0,0.0,0.0,0.0,0.0,8.576898e-07,14.07797,65613.67
23,22,2.3691483,0.0,0.0,0.0,0.0,0.0,0.0,1.2326486e-06,7.201587,63593.535
23,297,4.756505,3.5668778,0.0,0.0,0.0,0.0,0.0,9.805675e-08,13.981213,59643.258
23,261023,5.556374,0.0,0.0,0.0,0.0,0.0,0.0,0.013270365,15.398276,57936.133
24,3573,10.981834,8.893185,10.981834,8.893185,0.0,0.0,0.0,4.6631673e-08,31.600218,54307.168
24,17813,9.135097,7.4753532,9.135097,7.4753532,0.0,0.0,0.0,4.5497886e-06,23.037838,37560.453
24,27122,0.0,9.903452,0.0,9.903452,0.0,0.0,0.0,0.0,0.0,0.0
24,102630,0.0,8.212404,0.0,8.212404,0.0,0.0,0.0,0.0,0.0,0.0
24,51828,0.0,7.242381,0.0,7.242381,0.0,0.0,0.0,0.0,0.0,0.0
24,41630,0.0,7.050209,0.0,7.050209,0.0,0.0,0.0,0.0,0.0,0.0
24,26985,0.0,6.8344107,0.0,6.8344107,0.0,0.0,0.0,0.0,0.0,0.0
24,24869,0.0,6.477304,0.0,6.477304,0.0,0.0,0.0,0.0,0.0,0.0
24,9320,0.0,6.273392,0.0,6.273392,0.0,0.0,0.0,0.0,0.0,0.0
24,34322,0.0,5.650769,0.0,5.650769,0.0,0.0,0.0,0.0,0.0,0.0
25,76341,22.718838,0.0,22.718838,0.0,0.0,0.0,0.0,0.04369756,68.15652,463789.47
25,9659,15.056822,11.751663,0.0,0.0,0.0,0.0,2.3661451,3.9060245e-13,42.69346,157917.28
25,228150,10.18821,6.132675,0.0,0.0,0.0,0.0,0.0,0.013151449,30.564629,155516.17
25,4147,5.8450966,0.0,0.0,0.0,0.0,0.0,0.0,1.5292659e-06,17.417995,82476.29
25,9285,6.8280263,5.6189823,0.0,0.0,0.0,0.0,0.0,4.0307935e-07,18.321518,78367.69
25,11576,9.056778,0.0,0.0,0.0,0.0,0.0,0.0,5.291357e-18,26.435865,73577.61
25,13051,7.42112,0.0,0.0,0.0,0.0,0.0,0.0,0.00014939652,18.537952,71934.586
25,9355,11.267326,13.104515,0.0,0.0,0.0,0.0,0.0,2.1776178e-11,30.484314,71129.984
25,8810,12.889316,4.8218465,0.0,0.0,0.0,0.0,4.910675,2.1789617e-12,38.409298,67050.36
25,4148,6.8280263,0.0,0.0,0.0,0.0,0.0,4.7226844,0.00015551572,19.647638,62111.875
26,9502,7.4965477,6.6193724,0.0,0.0,0.0,0.0,0.0,0.00011723086,21.881702,197618.88
26,49444,6.5531836,8.390256,0.0,0.0,0.0,0.0,0.0,0.0008044065,18.719637,177331.31
26,140300,6.5531836,0.0,0.0,0.0,0.0,0.0,0.0,0.020456534,18.581482,156905.7
26,228150,10.18821,6.132675,0.0,0.0,0.0,0.0,0.0,0.013151449,30.564629,155516.17
26,76341,6.341962,0.0,0.0,0.0,0.0,0.0,0.0,0.012198171,19.025887,129466.8
26,12611,8.474929,0.0,0.0,0.0,0.0,0.0,0.0,1.03250294e-13,23.116524,43544.973
26,24351,7.254919,0.0,0.0,0.0,0.0,0.0,0.0,4.6471378e-05,16.48001,0.0
26,11817,0.0,10.215169,0.0,0.0,0.0,0.0,0.0,0.0,0.0,0.0
26,13474,0.0,0.0,0.0,0.0,0.0,0.0,9.499468,0.0,0.0,0.0
26,96404,0.0,0.0,0.0,0.0,0.0,0.0,8.738897,0.0,0.0,0.0
27,787,13.407225,5.2754555,0.0,0.0,0.0,0.0,3.533976,2.6307465e-05,37.731274,307498.8
27,82703,5.587172,0.4315589,0.0,0.0,0.0,0.0,0.0,0.0044862437,15.842367,96805.5
27,353486,2.9024153,0.32001534,0.0,0.0,0.0,0.0,0.0,0.033335786,8.2909565,94420.55
27,2022,6.526728,0.35786873,0.0,0.0,0.0,0.0,0.0,1.6628018e-06,17.069609,89584.305
27,1268,5.587172,5.6894007,0.0,0.0,0.0,0.0,0.0,3.7886737e-05,15.239774,88818.46
27,3083,24.742947,11.18429,24.742947,0.0,0.0,0.0,0.0,8.2168694e-25,76.663216,80405.06
27,58224,5.587172,0.26794428,0.0,0.0,0.0,0.0,0.0,0.00071644736,14.866498,80210.06
27,259316,2.37213,0.26794428,0.0,0.0,0.0,0.0,0.0,0.013040391,7.068788,70778.43
27,10191,2.9024153,0.41586828,0.0,0.0,0.0,0.0,0.0,0.0001541958,8.8796835,67718.19
27,82702,2.6106157,0.4302597,0.0,0.0,0.0,0.0,0.0,0.0026427251,7.935585,67575.9
28,24,10.413444,6.574587,10.413443,0.0,0.0,0.0,0.0,6.4646088e-06,32.264877,146895.62
28,393,10.413444,10.620522,10.413443,9.086924,0.0,0.0,0.0,9.255887e-06,32.062588,134722.52
28,709,5.269069,0.0,0.0,0.0,0.0,0.0,0.0,1.6574382e-10,14.372105,69059.734
28,1645,4.6060104,0.0,0.0,0.0,0.0,0.0,0.0,1.922686e-08,13.538851,59610.496
28,13389,6.1551323,0.0,0.0,0.0,0.0,0.0,0.0,0.00011616285,16.377743,55222.215
28,707,4.0911775,0.0,0.0,0.0,0.0,0.0,1.8328621,7.384456e-12,11.159245,52975.734
28,1648,5.807433,6.1537127,0.0,0.0,0.0,0.0,0.0,1.4003097e-10,16.589348,38755.008
28,9569,5.269069,3.3869267,0.0,0.0,0.0,0.0,0.0,2.502683e-10,13.90076,38050.926
28,192102,4.6060104,0.0,0.0,0.0,0.0,0.0,0.0,0.003747908,12.359223,35035.305
28,11033,5.269069,0.0,0.0,0.0,0.0,0.0,0.0,3.337054e-13,15.161741,31211.797
29,238,10.150424,0.25563562,10.150425,0.0,0.0,0.0,0.0,1.9432723e-15,32.797024,166656.56
29,242,7.5957694,0.187409,7.595769,0.0,0.0,0.0,0.0,6.599499e-10,22.634884,93165.97
29,240,7.5957694,0.28595418,7.595769,0.0,0.0,0.0,0.0,9.918205e-15,24.401226,80694.1
29,24428,1.3932345,0.27899575,0.0,0.0,0.0,0.0,0.0,0.00032371288,4.2350664,56961.207
29,337339,1.3828578,0.25196514,0.0,0.0,0.0,0.0,0.0,0.010050008,3.979172,51046.773
29,420818,1.1926712,0.24950564,0.0,0.0,0.0,0.0,5.5807776,0.041211735,3.505723,50917.95
29,122,1.4374877,0.30917928,0.0,0.0,0.0,0.0,0.0,9.85005e-07,4.563882,50430.582
29,122917,1.3794332,0.3082686,0.0,0.0,0.0,0.0,0.0,0.0019804407,4.0827494,44733.25
29,120,1.4374877,0.28033283,0.0,0.0,0.0,0.0,0.0,2.5433087e-07,4.536635,44504.24
29,140607,0.9260515,0.25845653,0.0,0.0,0.0,0.0,0.0,0.002684417,2.7595713,44170.29
30,680,18.843922,0.0,18.843918,0.0,0.0,0.0,0.0,2.1500943e-08,60.18266,289238.53
30,1262,7.820052,0.0,0.0,0.0,0.0,0.0,0.0,3.668642e-05,22.986166,60076.402
30,18451,0.0,16.067808,0.0,16.067808,0.0,0.0,0.0,0.0,0.0,0.0
30,43317,0.0,14.342381,0.0,14.342381,0.0,0.0,0.0,0.0,0.0,0.0
30,10349,0.0,8.874184,0.0,0.0,0.0,0.0,0.0,0.0,0.0,0.0
30,159770,0.0,8.124184,0.0,0.0,0.0,0.0,0.0,0.0,0.0,0.0
30,398,0.0,8.03961,0.0,0.0,0.0,0.0,0.0,0.0,0.0,0.0
30,686,0.0,6.712026,0.0,0.0,0.0,1.6850152,0.0,0.0,0.0,0.0
30,75,0.0,6.0781226,0.0,0.0,0.0,1.6850152,0.0,0.0,0.0,0.0
30,339396,0.0,6.8307595,0.0,0.0,0.0,0.0,0.0,0.0,0.0,0.0
31,296099,9.498495,4.812284,0.0,0.0,0.0,0.0,0.0,0.021106008,25.90844,101781.42
31,17979,5.0304546,4.0893974,0.0,0.0,0.0,0.0,0.0,0.00021037932,14.369853,95156.12
31,5825,10.310051,6.1843977,10.310051,0.0,0.0,0.0,0.0,4.287469e-10,30.514965,91319.06
31,8871,3.9059052,5.569833,0.0,0.0,0.0,0.0,0.0,3.2577645e-07,10.992192,76105.59
31,549053,5.876392,0.0,0.0,0.0,0.0,0.0,0.0,0.25405645,17.272995,67949.445
31,384682,5.0304546,4.5546284,0.0,0.0,0.0,0.0,0.0,0.028130796,13.040429,56455.83
31,11153,6.7637815,5.95511,0.0,0.0,0.0,0.0,0.0,3.4465382e-12,19.742828,55586.4
31,400155,5.251749,5.3230486,0.0,0.0,0.0,0.0,0.0,0.08835432,15.001996,55129.258
31,431530,4.3974233,4.5546284,0.0,0.0,0.0,0.0,0.0,0.03968327,12.090916,52698.76
31,11419,7.9012,6.137297,0.0,0.0,0.0,0.0,0.0,4.858737e-08,21.201145,49996.8
32,11252,9.329502,0.0,9.329502,0.0,0.0,0.0,0.0,2.0053598e-07,23.079914,59632.41
32,539,9.329502,0.0,9.329502,0.0,0.0,0.0,0.0,5.2426123e-19,29.62025,55351.55
32,10576,7.7606244,0.0,7.7606244,0.0,0.0,0.0,0.0,3.5622917e-12,21.33819,47963.863
32,1359,7.7606244,0.0,7.7606244,0.0,0.0,0.0,0.0,3.6546686e-07,22.96935,47646.203
32,5720,7.7606244,0.0,7.7606244,0.0,0.0,0.0,0.0,1.5085172e-17,21.674244,0.0
32,27723,6.643442,0.0,6.643442,0.0,0.0,0.0,0.0,4.5566216e-07,17.526606,0.0
32,35683,4.6397114,0.0,4.6397114,0.0,0.0,0.0,0.0,1.1876669e-05,10.900854,0.0
32,10726,4.6397114,0.0,4.6397114,0.0,0.0,0.0,0.0,1.0408265e-06,10.661245,0.0
32,85141,0.0,10.703981,0.0,10.703981,0.0,0.0,0.0,0.0,0.0,0.0
32,168366,0.0,8.526464,0.0,8.526464,0.0,0.0,0.0,0.0,0.0,0.0
33,87827,4.892869,0.0,0.0,0.0,0.0,0.0,0.0,0.0016907132,14.48157,126641.05
33,453,6.536504,3.5487878,0.0,0.0,0.0,0.0,0.0,1.1412144e-06,19.997856,121391.97
33,328111,3.7990766,3.660783,0.0,0.0,0.0,0.0,0.0,0.015678138,10.362499,117894.09
33,332562,4.559946,0.7706077,0.0,0.0,0.0,0.0,0.0,0.092232354,13.679838,99619.72
33,9487,4.892869,0.0,0.0,0.0,0.0,0.0,0.0,1.033891e-07,14.079226,97806.57
33,36643,4.050262,3.3578644,0.0,0.0,0.0,0.0,0.0,1.6858789e-07,11.047642,80804.06
33,395992,6.8711414,3.2504606,0.0,0.0,0.0,0.0,0.0,0.047984198,19.041866,72260.1
33,109491,7.635702,0.0,0.0,0.0,0.0,0.0,0.0,0.003100689,20.144367,62059.684
33,6522,6.8711414,2.582129,0.0,0.0,0.0,0.0,0.0,1.9013108e-07,19.337107,61792.06
33,109414,4.559946,0.0,0.0,0.0,0.0,0.0,0.0,0.0023212023,12.437875,53692.363
34,155,11.32533,0.0,11.325329,0.0,0.0,0.0,0.0,0.0001918097,35.956806,376473.84
34,49026,9.900152,9.024469,9.900152,9.024469,0.0,0.0,1.2560635,0.002687858,30.093857,341396.72
34,335988,5.713951,0.0,0.0,0.0,0.0,0.0,0.0,0.046982214,15.33214,147456.22
34,38356,3.7182918,0.0,0.0,0.0,0.0,0.0,0.0,0.0004868642,10.060024,130732.38
34,76338,4.186201,0.0,0.0,0.0,0.0,0.0,0.0,0.0027746754,11.781014,111468.445
34,37834,6.536504,0.0,0.0,0.0,0.0,0.0,0.0,0.00041750172,17.684837,110951.92
34,62213,5.59413,0.0,0.0,0.0,0.0,0.0,0.0,0.0013322629,14.885013,91934.53
34,320288,5.59413,0.0,0.0,0.0,0.0,0.0,0.0,0.18018447,15.010627,91835.79
34,6520,7.635702,0.0,0.0,0.0,0.0,0.0,0.0,1.5401291e-08,20.488739,90463.086
34,290859,4.788826,0.0,0.0,0.0,0.0,0.0,0.0,0.20122291,13.374463,81160.53
35,497,14.0997505,0.2600534,14.099749,0.0,0.0,0.0,0.0,6.1308924e-07,45.030994,250436.94
35,65,8.061922,6.3154373,0.0,0.0,0.0,0.0,0.0,2.644076e-06,23.365671,131773.0
35,490132,7.0156517,5.4902225,0.0,0.0,0.0,0.0,0.0,0.15426953,22.141024,131563.58
35,40805,7.1983833,0.2526474,0.0,0.0,0.0,0.0,0.0,0.000686385,18.492983,113952.7
35,44912,7.0156517,7.039778,0.0,0.0,0.0,0.0,0.0,0.0008979156,17.355764,109101.01
35,22972,7.0156517,0.27420303,0.0,0.0,0.0,0.0,0.0,0.00037342706,19.593649,71673.45
35,1633,6.005712,0.23707896,0.0,0.0,0.0,0.0,0.0,1.0495615e-09,18.255785,68832.99
35,24428,1.3932345,0.27899575,0.0,0.0,0.0,0.0,0.0,0.00032371288,4.2350664,56961.207
35,337339,1.3828578,0.25196514,0.0,0.0,0.0,0.0,0.0,0.010050008,3.979172,51046.773
35,420818,1.1926712,0.24950564,0.0,0.0,0.0,0.0,5.5807776,0.041211735,3.505723,50917.95
36,13,19.417648,0.0,19.417648,0.0,0.0,0.0,0.0,1.9545647e-08,61.64912,530043.6
36,65036,0.0,8.916465,0.0,0.0,0.0,0.0,0.0,0.0,0.0,0.0
36,9624,0.0,7.7063437,0.0,0.0,0.0,0.0,0.0,0.0,0.0,0.0
36,322506,0.0,0.0,0.0,0.0,0.0,0.0,6.542647,0.0,0.0,0.0
36,14240,0.0,6.431343,0.0,0.0,0.0,0.0,0.0,0.0,0.0,0.0
36,88224,0.0,0.0,0.0,0.0,0.0,0.0,6.108465,0.0,0.0,0.0
36,29787,0.0,0.0,0.0,0.0,0.0,0.0,6.108465,0.0,0.0,0.0
36,16323,0.0,0.0,0.0,0.0,0.0,0.0,6.0510993,0.0,0.0,0.0
36,85181,0.0,0.0,0.0,0.0,0.0,0.0,5.939541,0.0,0.0,0.0
36,46522,0.0,0.0,0.0,0.0,0.0,0.0,5.8852897,0.0,0.0,0.0
37,35,4.665591,0.0,0.0,0.0,0.0,0.0,0.0,4.0190094e-05,13.425233,112340.58
37,137106,4.665591,0.0,0.0,0.0,0.0,0.0,0.0,0.0037391484,13.903148,105989.734
37,5559,5.4501715,0.0,0.0,0.0,0.0,0.0,0.0,5.612393e-05,14.501964,96938.625
37,4247,5.4501715,0.0,0.0,0.0,0.0,0.0,0.0,3.531163e-07,14.866086,95311.29
37,153518,4.078474,0.0,0.0,0.0,0.0,0.0,0.0,0.01565936,11.034515,80000.234
37,227973,4.665591,0.0,0.0,0.0,0.0,0.0,0.0,0.01244036,13.229233,76784.97
37,324849,4.078474,3.384893,0.0,0.0,0.0,0.0,0.0,0.026298318,11.988216,75550.41
37,4256,4.665591,4.5863233,0.0,0.0,0.0,0.0,0.0,2.97441e-06,12.41433,72690.52
37,378236,4.665591,0.0,0.0,0.0,0.0,0.0,0.0,0.041154657,11.766172,72068.02
37,4257,4.665591,0.0,0.0,0.0,0.0,0.0,0.0,1.646233e-05,11.876656,65333.08
38,15512,6.901367,0.0,0.0,0.0,0.0,0.0,0.0,0.00018648367,18.671993,141378.83
38,679,9.6917095,0.0,0.0,0.0,0.0,0.0,0.0,3.883839e-11,29.840395,137625.05
38,49849,8.061922,0.0,0.0,0.0,0.0,0.0,0.0,0.0011196181,20.711452,111797.836
38,14736,9.708824,6.3367424,0.0,0.0,0.0,0.0,0.0,5.4346214e-07,29.320007,53619.55
38,20856,6.0329,7.604861,0.0,0.0,0.0,0.0,0.0,0.00021025528,15.4988,48138.293
38,440,6.0329,0.0,0.0,0.0,0.0,0.0,0.0,6.935838e-05,14.629005,40906.785
38,10177,8.061922,6.1909432,0.0,0.0,0.0,0.0,0.0,2.671818e-05,20.711452,0.0
38,2300,0.0,11.821992,0.0,0.0,0.0,0.0,0.0,0.0,0.0,0.0
38,30785,0.0,9.86142,0.0,0.0,0.0,0.0,0.0,0.0,0.0,0.0
38,59387,0.0,9.222662,0.0,0.0,0.0,0.0,0.0,0.0,0.0,0.0
39,35,4.665591,0.0,0.0,0.0,0.0,0.0,0.0,4.0190094e-05,13.425233,112340.58
39,137106,4.665591,0.0,0.0,0.0,0.0,0.0,0.0,0.0037391484,13.903148,105989.734
39,5559,5.4501715,0.0,0.0,0.0,0.0,0.0,0.0,5.612393e-05,14.501964,96938.625
39,4247,5.4501715,0.0,0.0,0.0,0.0,0.0,0.0,3.531163e-07,14.866086,95311.29
39,17979,5.0304546,4.0893974,0.0,0.0,0.0,0.0,0.0,0.00021037932,14.369853,95156.12
39,153518,4.078474,0.0,0.0,0.0,0.0,0.0,0.0,0.01565936,11.034515,80000.234
39,227973,4.665591,0.0,0.0,0.0,0.0,0.0,0.0,0.01244036,13.229233,76784.97
39,8871,3.9059052,5.569833,0.0,0.0,0.0,0.0,0.0,3.2577645e-07,10.992192,76105.59
39,324849,4.078474,3.384893,0.0,0.0,0.0,0.0,0.0,0.026298318,11.988216,75550.41
39,4256,4.665591,4.5863233,0.0,0.0,0.0,0.0,0.0,2.97441e-06,12.41433,72690.52
40,35,4.665591,0.0,0.0,0.0,0.0,0.0,0.0,4.0190094e-05,13.425233,112340.58
40,137106,4.665591,0.0,0.0,0.0,0.0,0.0,0.0,0.0037391484,13.903148,105989.734
40,5559,5.4501715,0.0,0.0,0.0,0.0,0.0,0.0,5.612393e-05,14.501964,96938.625
40,4247,5.4501715,0.0,0.0,0.0,0.0,0.0,0.0,3.531163e-07,14.866086,95311.29
40,153518,4.078474,0.0,0.0,0.0,0.0,0.0,0.0,0.01565936,11.034515,80000.234
40,227973,4.665591,0.0,0.0,0.0,0.0,0.0,0.0,0.01244036,13.229233,76784.97
40,324849,4.078474,3.384893,0.0,0.0,0.0,0.0,0.0,0.026298318,11.988216,75550.41
40,4256,4.665591,4.5863233,0.0,0.0,0.0,0.0,0.0,2.97441e-06,12.41433,72690.52
40,378236,4.665591,0.0,0.0,0.0,0.0,0.0,0.0,0.041154657,11.766172,72068.02
40,4257,4.665591,0.0,0.0,0.0,0.0,0.0,0.0,1.646233e-05,11.876656,65333.08
41,126889,7.0156517,0.0,0.0,0.0,0.0,0.0,0.0,0.05366917,18.667435,112166.7
41,8077,8.433926,3.8485599,0.0,0.0,0.0,0.0,0.0,1.9485427e-09,23.189463,111809.46
41,8078,7.0156517,0.0,0.0,0.0,0.0,0.0,0.0,7.231486e-08,18.82497,93653.04
41,348,8.433926,3.739428,0.0,0.0,0.0,0.0,0.0,2.3740794e-13,26.294378,90610.74
41,395,5.249954,0.0,0.0,0.0,0.0,0.0,0.0,5.838462e-06,13.730412,72041.586
41,10128,7.0156517,5.020777,0.0,0.0,0.0,0.0,0.0,1.314067e-10,18.981195,41724.29
41,4858,7.7606244,3.538735,0.0,0.0,0.0,0.0,0.0,6.9703296e-05,20.64968,31598.863
41,11850,5.158312,3.6847959,0.0,0.0,0.0,0.0,0.0,1.0776777e-13,15.162278,27021.475
41,12120,4.663145,0.0,0.0,0.0,0.0,0.0,0.0,9.8443496e-11,11.979836,18203.834
41,457665,11.057387,0.0,11.057386,0.0,0.0,0.0,0.0,0.075622275,26.81274,0.0
42,35,4.665591,0.0,0.0,0.0,0.0,0.0,0.0,4.0190094e-05,13.425233,112340.58
42,137106,4.665591,0.0,0.0,0.0,0.0,0.0,0.0,0.0037391484,13.903148,105989.734
42,5559,5.4501715,0.0,0.0,0.0,0.0,0.0,0.0,5.612393e-05,14.501964,96938.625
42,4247,5.4501715,0.0,0.0,0.0,0.0,0.0,0.0,3.531163e-07,14.866086,95311.29
42,205596,5.4150248,0.0,0.0,0.0,0.0,0.0,0.0,0.0073997728,16.882378,86794.47
42,153518,4.078474,0.0,0.0,0.0,0.0,0.0,0.0,0.01565936,11.034515,80000.234
42,1535,6.325632,0.0,0.0,0.0,0.0,0.0,0.0,1.0571988e-06,18.202,79349.38
42,227973,4.665591,0.0,0.0,0.0,0.0,0.0,0.0,0.01244036,13.229233,76784.97
42,324849,4.078474,3.384893,0.0,0.0,0.0,0.0,0.0,0.026298318,11.988216,75550.41
42,80274,6.325632,4.55515,0.0,0.0,0.0,0.0,0.0,0.00414522,17.801907,74333.83
43,9563,8.311189,0.0,0.0,0.0,0.0,0.0,0.0,3.655307e-07,23.915438,87269.03
43,81434,0.0,0.0,0.0,0.0,0.0,0.0,9.804492,0.0,0.0,0.0
43,414001,0.0,7.833598,0.0,0.0,0.0,0.0,0.0,0.0,0.0,0.0
43,11170,0.0,7.780048,0.0,0.0,0.0,0.0,0.0,0.0,0.0,0.0
43,7345,0.0,7.4694157,0.0,0.0,0.0,0.0,0.0,0.0,0.0,0.0
43,4942,0.0,7.1290383,0.0,0.0,0.0,0.0,0.0,0.0,0.0,0.0
43,232679,0.0,7.0170794,0.0,0.0,0.0,0.0,0.0,0.0,0.0,0.0
43,9910,0.0,7.0170794,0.0,0.0,0.0,0.0,0.0,0.0,0.0,0.0
43,9766,0.0,6.940857,0.0,0.0,0.0,0.0,0.0,0.0,0.0,0.0
43,21661,0.0,6.8662724,0.0,0.0,0.0,0.0,0.0,0.0,0.0,0.0
44,57165,6.1733036,9.611048,0.0,0.0,0.0,0.0,0.0,0.0013574879,16.003033,112330.38
44,18823,6.1733036,0.0,0.0,0.0,0.0,0.0,0.0,0.0003419597,16.286295,98769.86
44,10637,7.061982,5.1923976,0.0,0.0,0.0,0.0,0.0,5.366762e-07,21.32672,86599.99
44,10323,6.1733036,0.0,0.0,0.0,0.0,0.0,0.0,6.085711e-13,17.634483,41504.42
44,474395,4.9320154,10.626687,0.0,0.0,0.0,0.0,0.0,0.087672964,14.396079,27685.79
44,11170,0.0,7.780048,0.0,0.0,0.0,0.0,0.0,0.0,0.0,0.0
44,4942,0.0,7.1290383,0.0,0.0,0.0,0.0,0.0,0.0,0.0,0.0
44,232679,0.0,7.0170794,0.0,0.0,0.0,0.0,0.0,0.0,0.0,0.0
44,9910,0.0,7.0170794,0.0,0.0,0.0,0.0,0.0,0.0,0.0,0.0
44,9766,0.0,6.940857,0.0,0.0,0.0,0.0,0.0,0.0,0.0,0.0
45,1792,11.92051,0.0,0.0,0.0,0.0,0.0,0.0,8.309059e-06,30.062384,101403.51
45,1865,2.807403,1.0096731,0.0,0.0,0.0,0.0,0.0,0.00033748607,7.84065,95215.48
45,75,7.5232944,5.693448,0.0,0.0,0.0,0.0,0.0,4.104685e-08,20.68564,79444.04
45,392044,3.4349933,0.0,0.0,0.0,0.0,0.0,0.0,0.036845665,9.739887,67576.3
45,9509,4.4239626,0.0,0.0,0.0,0.0,0.0,0.0,3.984816e-06,13.183112,52962.63
45,2067,6.440277,7.6909223,0.0,0.0,0.0,0.0,0.0,3.32865e-07,17.136463,52701.02
45,1727,3.8672519,0.0,0.0,0.0,0.0,0.0,0.0,2.2125796e-10,10.548457,47767.996
45,346685,3.4349933,0.0,0.0,0.0,0.0,0.0,0.0,0.017435683,9.519333,47410.926
45,1588,4.4239626,0.0,0.0,0.0,0.0,0.0,0.0,3.1458015e-07,11.969252,44127.76
45,50321,6.440277,0.0,0.0,0.0,0.0,0.0,0.0,0.00068300334,16.84351,42178.668
46,135397,6.0352173,2.8510342,0.0,0.0,0.0,0.0,0.0,0.012149481,16.984608,258803.5
46,72190,10.520374,2.8348873,0.0,0.0,0.0,0.0,0.0,0.0054372884,29.83041,254465.11
46,299536,5.3539586,1.816345,0.0,0.0,0.0,0.0,0.0,0.07976557,16.896809,254009.3
46,351286,4.5162754,2.5457315,0.0,0.0,0.0,0.0,0.0,0.07287188,12.613271,171011.6
46,271110,4.6802177,2.3960588,0.0,0.0,0.0,0.0,0.0,0.017498307,13.946735,166698.95
46,260513,4.334923,0.0,0.0,0.0,0.0,0.0,0.0,0.07101643,13.004768,160221.03
46,809,4.334923,0.0,0.0,0.0,0.0,0.0,0.0,4.1022436e-06,12.5638,138557.38
46,383498,4.334923,0.0,0.0,0.0,0.0,0.0,0.0,0.06644969,13.004768,123807.56
46,93456,3.7108884,0.0,0.0,0.0,0.0,0.0,0.0,0.0019362115,10.678078,121263.64
46,76338,4.5162754,0.0,0.0,0.0,0.0,0.0,0.0,0.0029934535,12.709926,120257.53
47,135397,6.0352173,2.8510342,0.0,0.0,0.0,0.0,0.0,0.012149481,16.984608,258803.5
47,72190,10.520374,2.8348873,0.0,0.0,0.0,0.0,0.0,0.0054372884,29.83041,254465.11
47,299536,5.3539586,1.816345,0.0,0.0,0.0,0.0,0.0,0.07976557,16.896809,254009.3
47,351286,4.5162754,2.5457315,0.0,0.0,0.0,0.0,0.0,0.07287188,12.613271,171011.6
47,271110,4.6802177,2.3960588,0.0,0.0,0.0,0.0,0.0,0.017498307,13.946735,166698.95
47,131631,4.3807497,0.0,0.0,0.0,0.0,0.0,0.0,0.006043521,12.513925,126003.51
47,76338,4.5162754,0.0,0.0,0.0,0.0,0.0,0.0,0.0029934535,12.709926,120257.53
47,74,4.6802177,0.0,0.0,0.0,0.0,0.0,0.0,9.557091e-06,12.970201,119406.41
47,12444,3.6473618,2.3564746,0.0,0.0,0.0,0.0,0.0,0.00029482163,11.158782,118173.195
47,50619,3.9805574,2.8510342,0.0,0.0,0.0,0.0,0.0,0.0006812344,10.769597,111412.17
48,680,9.135097,0.0,0.0,0.0,0.0,0.0,0.0,1.0423159e-08,29.17516,140216.14
48,11814,9.708824,0.0,0.0,0.0,0.0,3.3700304,0.0,1.9977624e-11,26.905884,63537.156
48,1262,7.820052,0.0,0.0,0.0,0.0,0.0,0.0,3.668642e-05,22.986166,60076.402
48,686,0.0,12.914936,0.0,12.914936,0.0,3.3700304,0.0,0.0,0.0,0.0
48,75,0.0,11.695211,0.0,11.695211,0.0,3.3700304,0.0,0.0,0.0,0.0
48,94590,0.0,11.513975,0.0,11.513974,0.0,3.3700304,0.0,0.0,0.0,0.0
48,40028,0.0,10.841923,0.0,10.841923,0.0,3.8635488,0.0,0.0,0.0,0.0
48,152601,0.0,10.841923,0.0,10.841923,0.0,3.3700304,0.0,0.0,0.0,0.0
48,44571,0.0,10.243998,0.0,10.243998,0.0,3.3700304,0.0,0.0,0.0,0.0
48,10163,0.0,8.197859,0.0,0.0,0.0,3.3700304,0.0,0.0,0.0,0.0
49,135397,6.0352173,2.8510342,0.0,0.0,0.0,0.0,0.0,0.012149481,16.984608,258803.5
49,72190,10.520374,2.8348873,0.0,0.0,0.0,0.0,0.0,0.0054372884,29.83041,254465.11
49,299536,5.3539586,1.816345,0.0,0.0,0.0,0.0,0.0,0.07976557,16.896809,254009.3
49,351286,4.5162754,2.5457315,0.0,0.0,0.0,0.0,0.0,0.07287188,12.613271,171011.6
49,271110,4.6802177,2.3960588,0.0,0.0,0.0,0.0,0.0,0.017498307,13.946735,166698.95
49,76338,4.5162754,0.0,0.0,0.0,0.0,0.0,0.0,0.0029934535,12.709926,120257.53
49,74,4.6802177,0.0,0.0,0.0,0.0,0.0,0.0,9.557091e-06,12.970201,119406.41
49,6479,4.569365,2.0223665,0.0,0.0,0.0,0.0,0.0,5.1446583e-05,13.337538,115953.08
49,330,4.0114727,0.0,0.0,0.0,0.0,0.0,0.0,2.9770314e-08,11.1169195,104645.086
49,2048,5.337764,0.0,0.0,0.0,0.0,0.0,0.0,5.6287195e-06,15.35941,104319.95
50,135397,6.0352173,2.8510342,0.0,0.0,0.0,0.0,0.0,0.012149481,16.984608,258803.5
50,72190,10.520374,2.8348873,0.0,0.0,0.0,0.0,0.0,0.0054372884,29.83041,254465.11
50,299536,5.3539586,1.816345,0.0,0.0,0.0,0.0,0.0,0.07976557,16.896809,254009.3
50,330457,5.484469,0.0,0.0,0.0,0.0,0.0,0.0,0.24303883,16.120981,209836.78
50,351286,4.5162754,2.5457315,0.0,0.0,0.0,0.0,0.0,0.07287188,12.613271,171011.6
50,271110,4.6802177,2.3960588,0.0,0.0,0.0,0.0,0.0,0.017498307,13.946735,166698.95
50,76338,4.5162754,0.0,0.0,0.0,0.0,0.0,0.0,0.0029934535,12.709926,120257.53
50,74,4.6802177,0.0,0.0,0.0,0.0,0.0,0.0,9.557091e-06,12.970201,119406.41
50,955,4.694951,0.0,0.0,0.0,0.0,0.0,0.0,2.7980155e-07,12.702424,115100.72
50,330,4.0114727,0.0,0.0,0.0,0.0,0.0,0.0,2.9770314e-08,11.1169195,104645.086
51,299536,5.3539586,0.0,0.0,0.0,0.0,0.0,0.0,0.07976557,16.896809,254009.3
51,271110,4.6802177,0.0,0.0,0.0,0.0,0.0,0.0,0.017498307,13.946735,166698.95
51,72190,5.3539586,0.0,0.0,0.0,0.0,0.0,0.0,0.0027671086,15.181093,129500.69
51,74,4.6802177,0.0,0.0,0.0,0.0,0.0,0.0,9.557091e-06,12.970201,119406.41
51,57212,6.2542973,3.1164856,0.0,0.0,0.0,3.2578683,0.0,0.0011526463,18.383804,87413.37
51,281338,3.3975697,0.0,0.0,0.0,0.0,2.8417177,0.0,0.029294347,9.917179,78761.14
51,59962,5.3539586,0.0,0.0,0.0,0.0,0.0,0.0,0.0010870618,14.485402,70353.55
51,290595,4.6802177,0.0,0.0,0.0,0.0,0.0,0.0,0.016814211,12.765932,63050.76
51,6538,5.3539586,3.5657165,0.0,0.0,0.0,0.0,0.0,6.0855436e-05,15.067375,61255.57
51,308266,6.2542973,0.0,0.0,0.0,0.0,0.0,0.0,0.028925398,17.865847,60913.766
52,15121,6.1733036,5.28467,0.0,0.0,0.0,2.8477697,0.0,9.464088e-18,18.765219,109536.695
52,11172,7.061982,0.0,0.0,0.0,0.0,3.2648067,0.0,4.430038e-05,19.57074,89463.375
52,26149,6.1733036,0.0,0.0,0.0,0.0,0.0,0.0,2.478511e-07,17.634483,24958.273
52,56401,6.1733036,4.4112444,0.0,0.0,0.0,0.0,0.0,0.00066597597,18.27131,3262.4546
52,20343,7.061982,4.0893974,0.0,0.0,0.0,3.2648067,0.0,2.4405905e-23,18.46948,0.0
52,18420,7.820052,0.0,0.0,0.0,0.0,0.0,0.0,5.0810968e-08,20.630714,0.0
52,4551,0.0,16.93224,0.0,13.419243,0.0,0.0,0.0,0.0,0.0,0.0
52,19610,0.0,10.349004,0.0,8.647897,0.0,3.2648067,0.0,0.0,0.0,0.0
52,6964,0.0,10.145245,0.0,10.145244,0.0,0.0,0.0,0.0,0.0,0.0
52,38073,0.0,9.405041,0.0,9.405042,0.0,0.0,0.0,0.0,0.0,0.0
53,23618,5.633094,4.9144115,0.0,0.0,0.0,1.2529823,0.0,3.952698e-07,15.732375,36539.73
53,22597,4.6039,0.0,0.0,0.0,0.0,1.0694915,0.0,2.2138559e-07,12.956523,6378.2607
53,262,6.341962,0.0,0.0,0.0,0.0,1.2529823,0.0,2.1199466e-12,19.277895,0.0
53,22427,5.066761,0.0,0.0,0.0,0.0,1.2529823,0.0,7.010007e-06,13.134546,0.0
53,9477,0.0,9.204741,0.0,0.0,0.0,0.0,0.0,0.0,0.0,0.0
53,402298,0.0,7.9815116,0.0,0.0,0.0,0.0,0.0,0.0,0.0,0.0
53,18573,0.0,7.3288383,0.0,0.0,0.0,0.0,0.0,0.0,0.0,0.0
53,14047,0.0,7.2628493,0.0,0.0,0.0,0.0,0.0,0.0,0.0,0.0
53,26428,0.0,7.134372,0.0,0.0,0.0,0.0,0.0,0.0,0.0,0.0
53,13016,0.0,7.134372,0.0,0.0,0.0,0.0,0.0,0.0,0.0,0.0
54,135397,6.0352173,2.8510342,0.0,0.0,0.0,0.0,0.0,0.012149481,16.984608,258803.5
54,72190,10.520374,2.8348873,0.0,0.0,0.0,0.0,0.0,0.0054372884,29.83041,254465.11
54,299536,5.3539586,1.816345,0.0,0.0,0.0,0.0,0.0,0.07976557,16.896809,254009.3
54,351286,4.5162754,2.5457315,0.0,0.0,0.0,0.0,0.0,0.07287188,12.613271,171011.6
54,271110,4.6802177,2.3960588,0.0,0.0,0.0,0.0,0.0,0.017498307,13.946735,166698.95
54,76338,4.5162754,0.0,0.0,0.0,0.0,0.0,0.0,0.0029934535,12.709926,120257.53
54,74,4.6802177,0.0,0.0,0.0,0.0,0.0,0.0,9.557091e-06,12.970201,119406.41
54,330,4.0114727,0.0,0.0,0.0,0.0,0.0,0.0,2.9770314e-08,11.1169195,104645.086
54,57212,6.2542973,5.5125446,0.0,0.0,0.0,3.2578683,0.0,0.0011526463,18.383804,87413.37
54,8872,6.0352173,0.0,0.0,0.0,0.0,0.0,0.0,1.1575735e-09,16.984608,85650.57
55,135397,6.0352173,2.8510342,0.0,0.0,0.0,0.0,0.0,0.012149481,16.984608,258803.5
55,72190,10.520374,2.8348873,0.0,0.0,0.0,0.0,0.0,0.0054372884,29.83041,254465.11
55,299536,5.3539586,1.816345,0.0,0.0,0.0,0.0,0.0,0.07976557,16.896809,254009.3
55,351286,4.5162754,2.5457315,0.0,0.0,0.0,0.0,0.0,0.07287188,12.613271,171011.6
55,271110,4.6802177,2.3960588,0.0,0.0,0.0,0.0,0.0,0.017498307,13.946735,166698.95
55,76338,4.5162754,0.0,0.0,0.0,0.0,0.0,0.0,0.0029934535,12.709926,120257.53
55,74,4.6802177,0.0,0.0,0.0,0.0,0.0,0.0,9.557091e-06,12.970201,119406.41
55,330,4.0114727,0.0,0.0,0.0,0.0,0.0,0.0,2.9770314e-08,11.1169195,104645.086
55,49538,4.9177065,5.2594733,0.0,0.0,0.0,0.0,0.0,0.00061172893,14.555082,96990.66
55,1771,4.3680344,7.085427,0.0,0.0,0.0,0.0,0.0,0.00059861026,12.569015,88189.6
56,354912,11.671547,0.0,11.671547,0.0,0.0,0.0,0.0,0.12354232,36.612213,346347.84
56,1812,0.0,0.0,0.0,0.0,0.0,0.0,8.774885,0.0,0.0,0.0
56,268531,0.0,0.0,0.0,0.0,0.0,0.0,7.026936,0.0,0.0,0.0
56,58882,0.0,0.0,0.0,0.0,0.0,0.0,6.9121943,0.0,0.0,0.0
56,283445,0.0,0.0,0.0,0.0,0.0,0.0,6.5894017,0.0,0.0,0.0
56,88794,0.0,0.0,0.0,0.0,0.0,0.0,6.39045,0.0,0.0,0.0
56,522627,0.0,0.0,0.0,0.0,0.0,0.0,6.2954125,0.0,0.0,0.0
56,98203,0.0,0.0,0.0,0.0,0.0,0.0,6.1135726,0.0,0.0,0.0
56,11541,0.0,0.0,0.0,0.0,0.0,0.0,6.1135726,0.0,0.0,0.0
56,9904,0.0,0.0,0.0,0.0,0.0,0.0,6.1135726,0.0,0.0,0.0
57,299536,5.3539586,0.0,0.0,0.0,0.0,0.0,0.0,0.07976557,16.896809,254009.3
57,271110,4.6802177,0.0,0.0,0.0,0.0,0.0,0.0,0.017498307,13.946735,166698.95
57,72190,5.3539586,0.0,0.0,0.0,0.0,0.0,0.0,0.0027671086,15.181093,129500.69
57,74,4.6802177,0.0,0.0,0.0,0.0,0.0,0.0,9.557091e-06,12.970201,119406.41
57,57212,6.2542973,3.1164856,0.0,0.0,0.0,3.2578683,0.0,0.0011526463,18.383804,87413.37
57,281338,3.3975697,0.0,0.0,0.0,0.0,2.8417177,0.0,0.029294347,9.917179,78761.14
57,59962,5.3539586,0.0,0.0,0.0,0.0,0.0,0.0,0.0010870618,14.485402,70353.55
57,290595,4.6802177,0.0,0.0,0.0,0.0,0.0,0.0,0.016814211,12.765932,63050.76
57,6538,5.3539586,3.5657165,0.0,0.0,0.0,0.0,0.0,6.0855436e-05,15.067375,61255.57
57,308266,6.2542973,0.0,0.0,0.0,0.0,0.0,0.0,0.028925398,17.865847,60913.766
58,35,4.665591,0.0,0.0,0.0,0.0,0.0,0.0,4.0190094e-05,13.425233,112340.58
58,137106,4.665591,0.0,0.0,0.0,0.0,0.0,0.0,0.0037391484,13.903148,105989.734
58,5559,5.4501715,0.0,0.0,0.0,0.0,0.0,0.0,5.612393e-05,14.501964,96938.625
58,4247,5.4501715,0.0,0.0,0.0,0.0,0.0,0.0,3.531163e-07,14.866086,95311.29
58,153518,4.078474,0.0,0.0,0.0,0.0,0.0,0.0,0.01565936,11.034515,80000.234
58,227973,4.665591,0.0,0.0,0.0,0.0,0.0,0.0,0.01244036,13.229233,76784.97
58,324849,4.078474,3.384893,0.0,0.0,0.0,0.0,0.0,0.026298318,11.988216,75550.41
58,4256,4.665591,4.5863233,0.0,0.0,0.0,0.0,0.0,2.97441e-06,12.41433,72690.52
58,378236,4.665591,0.0,0.0,0.0,0.0,0.0,0.0,0.041154657,11.766172,72068.02
58,4257,4.665591,0.0,0.0,0.0,0.0,0.0,0.0,1.646233e-05,11.876656,65333.08
59,11170,0.0,7.780048,0.0,7.780048,0.0,0.0,0.0,0.0,0.0,0.0
59,4942,0.0,7.1290383,0.0,7.1290383,0.0,0.0,0.0,0.0,0.0,0.0
59,232679,0.0,7.0170794,0.0,7.0170794,0.0,0.0,0.0,0.0,0.0,0.0
59,9910,0.0,7.0170794,0.0,7.0170794,0.0,0.0,0.0,0.0,0.0,0.0
59,9766,0.0,6.940857,0.0,6.940857,0.0,0.0,0.0,0.0,0.0,0.0
59,21661,0.0,6.8662724,0.0,6.8662724,0.0,0.0,0.0,0.0,0.0,0.0
59,251994,0.0,6.7218122,0.0,6.7218122,0.0,0.0,0.0,0.0,0.0,0.0
59,363683,0.0,6.6518373,0.0,6.6518373,0.0,0.0,0.0,0.0,0.0,0.0
59,3604,0.0,6.6518373,0.0,6.6518373,0.0,0.0,0.0,0.0,0.0,0.0
59,18925,0.0,6.6518373,0.0,6.6518373,0.0,0.0,0.0,0.0,0.0,0.0
60,671,4.6397114,0.0,0.0,0.0,0.0,0.0,0.0,7.724924e-07,14.28549,152061.06
60,9043,6.643442,0.0,0.0,0.0,0.0,0.0,0.0,1.8699666e-05,18.120893,66831.84
60,9326,6.643442,0.0,0.0,0.0,0.0,0.0,0.0,5.400981e-12,18.83741,64830.418
60,44113,9.329502,7.1354146,0.0,0.0,0.0,0.0,0.0,0.0007399316,23.52811,30126.768
60,21775,6.643442,3.0590706,0.0,0.0,0.0,0.0,0.0,3.5395362e-05,15.777301,0.0
60,184341,6.643442,0.0,0.0,0.0,0.0,0.0,0.0,0.031254794,18.120893,0.0
60,422114,5.158312,5.5946097,0.0,0.0,0.0,0.0,0.0,0.032082472,14.735086,0.0
60,31922,0.0,13.017817,0.0,0.0,0.0,0.0,10.121914,0.0,0.0,0.0
60,45712,0.0,13.462639,0.0,0.0,0.0,0.0,8.930912,0.0,0.0,0.0
60,158928,4.6397114,0.0,0.0,0.0,0.0,0.0,0.0,2.1296353e-06,13.253667,0.0
61,478159,11.671547,0.0,0.0,0.0,0.0,0.0,0.0,0.1967329,32.345142,0.0
61,24231,0.0,8.280781,0.0,8.280781,0.0,0.0,6.609289,0.0,0.0,0.0
61,354125,0.0,6.5128174,0.0,0.0,0.0,0.0,3.6502426,0.0,0.0,0.0
61,23200,0.0,8.23527,0.0,0.0,0.0,0.0,0.0,0.0,0.0,0.0
61,50780,0.0,5.9587727,0.0,0.0,0.0,0.0,4.490896,0.0,0.0,0.0
61,9966,0.0,6.317033,0.0,0.0,0.0,0.0,3.5248933,0.0,0.0,0.0
61,20483,0.0,5.6389685,0.0,0.0,0.0,0.0,4.676781,0.0,0.0,0.0
61,27573,0.0,6.8303595,0.0,0.0,0.0,0.0,2.0015042,0.0,0.0,0.0
61,145135,0.0,0.0,0.0,0.0,6.694747,0.0,2.1801,0.0,0.0,0.0
61,75579,0.0,0.0,0.0,0.0,0.0,0.0,7.778009,0.0,0.0,0.0
62,62796,9.135097,7.7911406,0.0,0.0,0.0,0.0,0.0,0.001045252,23.680878,37.106937
62,47753,5.461444,6.7127004,0.0,0.0,0.0,0.0,2.606956,0.00045767587,15.252983,0.0
62,168,0.0,10.215389,0.0,10.215389,0.0,0.0,8.567192,0.0,0.0,0.0
62,172,0.0,0.0,0.0,0.0,13.998342,0.0,10.994036,0.0,0.0,0.0
62,12610,0.0,0.0,0.0,0.0,0.0,0.0,10.272793,0.0,0.0,0.0
62,5851,0.0,0.0,0.0,0.0,0.0,0.0,9.633498,0.0,0.0,0.0
62,154,0.0,0.0,0.0,0.0,0.0,0.0,9.633498,0.0,0.0,0.0
62,193,0.0,0.0,0.0,0.0,0.0,0.0,9.633498,0.0,0.0,0.0
62,152,0.0,0.0,0.0,0.0,0.0,0.0,9.548607,0.0,0.0,0.0
62,30315,0.0,0.0,0.0,0.0,0.0,0.0,9.145654,0.0,0.0,0.0
63,38925,0.0,8.928389,0.0,8.928389,0.0,0.0,7.165938,0.0,0.0,0.0
63,1825,0.0,7.128916,0.0,7.128916,0.0,0.0,5.293752,0.0,0.0,0.0
63,10805,0.0,0.0,0.0,0.0,7.3871,0.0,7.250531,0.0,0.0,0.0
63,1246,0.0,0.0,0.0,0.0,7.3871,0.0,5.169484,0.0,0.0,0.0
63,1367,0.0,0.0,0.0,0.0,7.3871,0.0,5.169484,0.0,0.0,0.0
63,1371,0.0,0.0,0.0,0.0,7.3871,0.0,5.0097184,0.0,0.0,0.0
63,7555,0.0,0.0,0.0,0.0,7.3871,0.0,3.716086,0.0,0.0,0.0
63,27578,0.0,0.0,0.0,0.0,7.3871,0.0,3.716086,0.0,0.0,0.0
63,1374,0.0,0.0,0.0,0.0,7.3871,0.0,3.5531735,0.0,0.0,0.0
63,1366,0.0,0.0,0.0,0.0,0.0,0.0,7.293581,0.0,0.0,0.0
64,671,4.6397114,0.0,0.0,0.0,0.0,0.0,0.0,7.724924e-07,14.28549,152061.06
64,9043,6.643442,0.0,0.0,0.0,0.0,0.0,0.0,1.8699666e-05,18.120893,66831.84
64,9326,6.643442,0.0,0.0,0.0,0.0,0.0,0.0,5.400981e-12,18.83741,64830.418
64,44113,9.329502,7.1354146,0.0,0.0,0.0,0.0,0.0,0.0007399316,23.52811,30126.768
64,21775,6.643442,3.0590706,0.0,0.0,0.0,0.0,0.0,3.5395362e-05,15.777301,0.0
64,184341,6.643442,0.0,0.0,0.0,0.0,0.0,0.0,0.031254794,18.120893,0.0
64,38925,0.0,14.630529,0.0,0.0,0.0,0.0,14.006607,0.0,0.0,0.0
64,10805,0.0,0.0,0.0,0.0,14.7742,0.0,12.474602,0.0,0.0,0.0
64,422114,5.158312,5.5946097,0.0,0.0,0.0,0.0,0.0,0.032082472,14.735086,0.0
64,8916,0.0,0.0,0.0,0.0,0.0,0.0,19.689144,0.0,0.0,0.0
